Thumb;Name;Purchase After Return;SKU;URL;Brand;Country;Revenue;Lost profit;Sales;Price with WB wallet;Comments Valuation;Comments;Days in website;First Date
https://basket-21.wbbasket.ru/vol3672/part367230/367230347/images/c246x328/1.webp;Проектор для фильмов;73;367230347;https://www.wildberries.ru/catalog/367230347/detail.aspx;;Китай;22586011;3166263,22;3457;6502;4,8;2220;284;22.03.2025
https://basket-27.wbbasket.ru/vol5188/part518818/518818009/images/c246x328/1.webp;Проектор для фильмов на стену домашний;73;518818009;https://www.wildberries.ru/catalog/518818009/detail.aspx;Osenjie;Китай;21170989;57097515,79;3995;71500;4,9;366;78;14.10.2025
https://basket-28.wbbasket.ru/vol5230/part523086/523086998/images/c246x328/1.webp;Проектор для фильмов домашний кинотеатр;73;523086998;https://www.wildberries.ru/catalog/523086998/detail.aspx;;Китай;17724658;2484765,14;2676;5941;4,9;481;111;11.09.2025
https://basket-17.wbbasket.ru/vol2746/part274671/274671561/images/c246x328/1.webp;Проектор для фильмов домашний кинотеатр;73;274671561;https://www.wildberries.ru/catalog/274671561/detail.aspx;YALY;Китай;15507979;258466,32;3594;4740;4,7;6341;421;05.11.2024
https://basket-12.wbbasket.ru/vol1819/part181967/181967824/images/c246x328/1.webp;Проектор для фильмов;73;181967824;https://www.wildberries.ru/catalog/181967824/detail.aspx;iSmart;Китай;12346450;3508991,05;2329;5586;4,8;8343;808;15.10.2023
https://basket-22.wbbasket.ru/vol3894/part389430/389430256/images/c246x328/1.webp;Проектор для фильмов домашний на стену 4K UltraHD;73;389430256;https://www.wildberries.ru/catalog/389430256/detail.aspx;TSVET STORE;;11546051;8293642,27;1663;7170;4,8;1196;260;15.04.2025
https://basket-25.wbbasket.ru/vol4407/part440729/440729368/images/c246x328/1.webp;Проектор для фильмов;73;440729368;https://www.wildberries.ru/catalog/440729368/detail.aspx;;Китай;10082151;1632348,26;1564;6129;4,8;8343;202;12.06.2025
https://basket-30.wbbasket.ru/vol6052/part605279/605279357/images/c246x328/1.webp;Проектор для фильмов домашний на стену 4K UltraHD;73;605279357;https://www.wildberries.ru/catalog/605279357/detail.aspx;BUTTOWSKI SHOP;;9699438;14450183,14;1433;6097;4,8;338;53;08.11.2025
https://basket-27.wbbasket.ru/vol4906/part490613/490613001/images/c246x328/1.webp;Проектор для фильмов;73;490613001;https://www.wildberries.ru/catalog/490613001/detail.aspx;iProjector;Китай;7534335;1941838,92;1181;5846;4,8;1770;141;12.08.2025
https://basket-30.wbbasket.ru/vol6091/part609102/609102085/images/c246x328/1.webp;Проектор для фильмов домашний кинотеатр;73;609102085;https://www.wildberries.ru/catalog/609102085/detail.aspx;;;7481228;13262176,91;1118;6466;4,9;317;43;18.11.2025
https://basket-17.wbbasket.ru/vol2744/part274432/274432478/images/c246x328/1.webp;Проектор для фильмов;73;274432478;https://www.wildberries.ru/catalog/274432478/detail.aspx;iSmart;Китай;7288306;1021725,14;1177;6472;4,8;8343;427;30.10.2024
https://basket-19.wbbasket.ru/vol3184/part318411/318411181/images/c246x328/1.webp;Домашний проектор для фильмов с телефона на стену 4K;73;318411181;https://www.wildberries.ru/catalog/318411181/detail.aspx;;Китай;6460736;2200910,07;1137;6016;4,8;355;336;29.01.2025
https://basket-16.wbbasket.ru/vol2513/part251351/251351416/images/c246x328/1.webp;Проектор для фильмов;73;251351416;https://www.wildberries.ru/catalog/251351416/detail.aspx;iSmart;Китай;6443741;1919412,21;900;8020;4,8;6040;496;22.08.2024
https://basket-33.wbbasket.ru/vol6983/part698374/698374455/images/c246x328/1.webp;Проектор для фильмов домашний на стену 4K UltraHD;73;698374455;https://www.wildberries.ru/catalog/698374455/detail.aspx;fbktoys;Китай;6131429;35426034,22;1258;4682;4,4;113;20;11.12.2025
https://basket-29.wbbasket.ru/vol5592/part559216/559216806/images/c246x328/1.webp;Проектор для фильмов Full HD;73;559216806;https://www.wildberries.ru/catalog/559216806/detail.aspx;kor.;Китай;5704813;3105151,38;275;21450;4,7;51;78;14.10.2025
https://basket-12.wbbasket.ru/vol1890/part189067/189067087/images/c246x328/1.webp;Проектор DLP TEX P09 1 8 Gb 4K 3D Android 9.0;73;189067087;https://www.wildberries.ru/catalog/189067087/detail.aspx;QUINCE;;5539783;236742,86;347;19505;4,8;70;777;15.11.2023
https://basket-15.wbbasket.ru/vol2244/part224422/224422834/images/c246x328/1.webp;Проектор портативный GARLYN Lumen 4 домашний на Full HD;73;224422834;https://www.wildberries.ru/catalog/224422834/detail.aspx;Garlyn;Китай;5450067;0;180;29986;4,7;146;597;13.05.2024
https://basket-33.wbbasket.ru/vol6973/part697333/697333702/images/c246x328/1.webp;Проектор для фильмов домашний 4К для телефона;73;697333702;https://www.wildberries.ru/catalog/697333702/detail.aspx;;;5445697;33635187,35;1067;5501;4,7;77;17;14.12.2025
https://basket-26.wbbasket.ru/vol4602/part460239/460239216/images/c246x328/1.webp;Мини проектор для фильмов;73;460239216;https://www.wildberries.ru/catalog/460239216/detail.aspx;hoco.;Тайвань;5126646;2790452,89;689;7307;4,8;1722;161;23.07.2025
https://basket-13.wbbasket.ru/vol2028/part202828/202828276/images/c246x328/1.webp;Проектор для фильмов домашний кинотеатр;73;202828276;https://www.wildberries.ru/catalog/202828276/detail.aspx;Технологик;Китай;4918042;4456975,56;819;6272;4,7;3458;703;28.01.2024
https://basket-12.wbbasket.ru/vol1820/part182031/182031632/images/c246x328/1.webp;Проектор для фильмов;73;182031632;https://www.wildberries.ru/catalog/182031632/detail.aspx;iSmart;Китай;4801583;475832,55;883;5586;4,8;6040;808;15.10.2023
https://basket-20.wbbasket.ru/vol3484/part348434/348434885/images/c246x328/1.webp;Проектор для фильмов с телефона;73;348434885;https://www.wildberries.ru/catalog/348434885/detail.aspx;LUXSPASE;Китай;4783572;335689,26;1155;4263;4,6;370;293;13.03.2025
https://basket-18.wbbasket.ru/vol2877/part287720/287720482/images/c246x328/1.webp;Проектор домашний для фильмов с телефона Shakachu C12 Pro;73;287720482;https://www.wildberries.ru/catalog/287720482/detail.aspx;Shakachu;Китай;4768315;3092961,08;453;9863;4,7;489;397;29.11.2024
https://basket-20.wbbasket.ru/vol3286/part328674/328674283/images/c246x328/1.webp;Проектор для фильмов;73;328674283;https://www.wildberries.ru/catalog/328674283/detail.aspx;MGN;Китай;4591779;900348,82;1061;5683;4,8;1273;325;09.02.2025
https://basket-14.wbbasket.ru/vol2172/part217252/217252262/images/c246x328/1.webp;Домашний кинотеатр проектор для фильмов Android WiFi Full HD;73;217252262;https://www.wildberries.ru/catalog/217252262/detail.aspx;Прoектор для фильмов;Китай;4489808;0;569;18661;4,7;631;648;23.03.2024
https://basket-31.wbbasket.ru/vol6336/part633650/633650738/images/c246x328/1.webp;Проектор для фильмов домашний кинотеатр;73;633650738;https://www.wildberries.ru/catalog/633650738/detail.aspx;wowhome;Китай;4481507;9906489,16;851;5577;4,7;533;37;24.11.2025
https://basket-27.wbbasket.ru/vol5055/part505597/505597588/images/c246x328/1.webp;Проектор для фильмов X1 Android 11 HD;73;505597588;https://www.wildberries.ru/catalog/505597588/detail.aspx;August;Китай;4462303;4611046,43;1200;3065;4,3;594;124;29.08.2025
https://basket-15.wbbasket.ru/vol2401/part240157/240157192/images/c246x328/1.webp;Проектор для фильмов домашний Full HD;73;240157192;https://www.wildberries.ru/catalog/240157192/detail.aspx;iProjector;Китай;4413742;3065098,61;740;6520;4,8;1769;548;01.07.2024
https://basket-19.wbbasket.ru/vol3061/part306148/306148004/images/c246x328/1.webp;Проектор для фильмов домашний кинотеатр;73;306148004;https://www.wildberries.ru/catalog/306148004/detail.aspx;Banbury;Китай;4269868;1100481,44;1063;4593;4,8;1823;322;12.02.2025
https://basket-10.wbbasket.ru/vol1452/part145280/145280772/images/c246x328/1.webp;Портативный проектор T6R Max;73;145280772;https://www.wildberries.ru/catalog/145280772/detail.aspx;Wanbo;Китай;4147036;862255,01;317;12877;4,8;75;1035;02.03.2023
https://basket-21.wbbasket.ru/vol3658/part365825/365825055/images/c246x328/1.webp;Проектор для фильмов домашний кинотеатр;73;365825055;https://www.wildberries.ru/catalog/365825055/detail.aspx;DANAIDA;Китай;3938726;1521780,5;980;3744;4,6;478;288;18.03.2025
https://basket-27.wbbasket.ru/vol4996/part499634/499634120/images/c246x328/1.webp;Домашний проектор для фильмов с телефона;73;499634120;https://www.wildberries.ru/catalog/499634120/detail.aspx;;Китай;3805661;2146783,13;438;7923;4,8;66;78;14.10.2025
https://basket-19.wbbasket.ru/vol3177/part317744/317744426/images/c246x328/1.webp;Проектор домашний для фильмов с телефона 4K;73;317744426;https://www.wildberries.ru/catalog/317744426/detail.aspx;BEST TIME;Китай;3771913;0;451;7948;4,7;222;318;16.02.2025
https://basket-26.wbbasket.ru/vol4727/part472701/472701217/images/c246x328/1.webp;Домашний проектор с телефона;73;472701217;https://www.wildberries.ru/catalog/472701217/detail.aspx;SMarket;Китай;3743091;30934,64;635;6179;4,9;283;142;11.08.2025
https://basket-23.wbbasket.ru/vol3997/part399760/399760174/images/c246x328/1.webp;Мини проектор для фильмов;73;399760174;https://www.wildberries.ru/catalog/399760174/detail.aspx;hoco.;Тайвань;3722145;686609,27;620;5877;4,8;1722;244;01.05.2025
https://basket-16.wbbasket.ru/vol2513/part251351/251351230/images/c246x328/1.webp;Проектор для фильмов;73;251351230;https://www.wildberries.ru/catalog/251351230/detail.aspx;;Китай;3703326;259882,53;492;7966;4,8;6040;496;22.08.2024
https://basket-19.wbbasket.ru/vol3267/part326755/326755305/images/c246x328/1.webp;Проектор для фильмов А-10 PRO;73;326755305;https://www.wildberries.ru/catalog/326755305/detail.aspx;Waki;Китай;3610096;884105,14;643;5787;4,8;693;327;07.02.2025
https://basket-18.wbbasket.ru/vol2885/part288535/288535002/images/c246x328/1.webp;Проектор для фильмов 4К домашний, для телефона, с экраном;73;288535002;https://www.wildberries.ru/catalog/288535002/detail.aspx;GRASTORY;Китай;3592454;153523,68;367;10320;4,7;142;388;08.12.2024
https://basket-23.wbbasket.ru/vol4029/part402928/402928026/images/c246x328/1.webp;Проектор для фильмов X5 Air, Android 9.0, 2Гб+32Гб;73;402928026;https://www.wildberries.ru/catalog/402928026/detail.aspx;Wanbo;Китай;3586280;391230,55;188;22918;4,8;581;230;15.05.2025
https://basket-27.wbbasket.ru/vol5044/part504488/504488613/images/c246x328/1.webp;Проектор для фильмов;73;504488613;https://www.wildberries.ru/catalog/504488613/detail.aspx;Led store;;3493982;2041937,53;536;6045;4,9;541;126;27.08.2025
https://basket-26.wbbasket.ru/vol4712/part471280/471280940/images/c246x328/1.webp;Проектор для фильмов домашний кинотеатр;73;471280940;https://www.wildberries.ru/catalog/471280940/detail.aspx;RelevanceShop;Китай;3456645;210404,48;507;6428;4,9;178;158;26.07.2025
https://basket-16.wbbasket.ru/vol2513/part251351/251351415/images/c246x328/1.webp;Проектор для фильмов;73;251351415;https://www.wildberries.ru/catalog/251351415/detail.aspx;iSmart;Китай;3423220;882273,2;470;7805;4,8;6040;496;22.08.2024
https://basket-16.wbbasket.ru/vol2544/part254434/254434830/images/c246x328/1.webp;Проектор HY300 Pro Android 13 для фильмов и видео домашний;73;254434830;https://www.wildberries.ru/catalog/254434830/detail.aspx;Smart Nook;;3410768;28188,17;723;4999;4,7;529;479;08.09.2024
https://basket-29.wbbasket.ru/vol5552/part555264/555264599/images/c246x328/1.webp;Проекторы для фильмов;73;555264599;https://www.wildberries.ru/catalog/555264599/detail.aspx;;Китай;3332575;2161670,27;404;6122;4,6;52;73;19.10.2025
https://basket-16.wbbasket.ru/vol2490/part249085/249085840/images/c246x328/1.webp;Проектор для фильмов;73;249085840;https://www.wildberries.ru/catalog/249085840/detail.aspx;;Китай;3316334;361781,89;326;24882;4,9;175;296;10.03.2025
https://basket-16.wbbasket.ru/vol2442/part244235/244235251/images/c246x328/1.webp;Проектор для фильмов;73;244235251;https://www.wildberries.ru/catalog/244235251/detail.aspx;Umiiо;;3183642;253564,41;472;5941;4,9;459;527;22.07.2024
https://basket-17.wbbasket.ru/vol2746/part274645/274645206/images/c246x328/1.webp;Мини проектор для фильмов Android Wi-Fi;73;274645206;https://www.wildberries.ru/catalog/274645206/detail.aspx;OGAY;Китай;3173853;2783224,94;825;4192;4,7;842;425;01.11.2024
https://basket-26.wbbasket.ru/vol4851/part485169/485169724/images/c246x328/1.webp;Проектор для фильмов на стену домашний кинотеатр;73;485169724;https://www.wildberries.ru/catalog/485169724/detail.aspx;HAPFFE;;3124883;15936903,3;215;14014;4,8;8;76;16.10.2025
https://basket-15.wbbasket.ru/vol2224/part222419/222419073/images/c246x328/1.webp;Проектор для фильмов;73;222419073;https://www.wildberries.ru/catalog/222419073/detail.aspx;iSmart;Китай;3107111;1947122,89;269;12549;4,8;6040;631;09.04.2024
https://basket-15.wbbasket.ru/vol2224/part222424/222424307/images/c246x328/1.webp;Проектор для фильмов;73;222424307;https://www.wildberries.ru/catalog/222424307/detail.aspx;iSmart;Китай;3030889;2406882,44;264;12620;4,8;8343;631;09.04.2024
https://basket-30.wbbasket.ru/vol5931/part593108/593108685/images/c246x328/1.webp;Проектор для фильмов;73;593108685;https://www.wildberries.ru/catalog/593108685/detail.aspx;;Китай;3030372;6449253,23;687;4385;4,8;381;58;03.11.2025
https://basket-27.wbbasket.ru/vol4944/part494493/494493539/images/c246x328/1.webp;Мини проектор для фильмов домашний кинотеатр;73;494493539;https://www.wildberries.ru/catalog/494493539/detail.aspx;QASI;Китай;3027291;129371,41;846;4177;4,5;120;134;19.08.2025
https://basket-23.wbbasket.ru/vol4130/part413049/413049663/images/c246x328/1.webp;Проектор для фильмов с телефона c12 ultra с Android;73;413049663;https://www.wildberries.ru/catalog/413049663/detail.aspx;Daofan;Китай;3024193;3564227,46;186;19519;4,9;173;236;09.05.2025
https://basket-20.wbbasket.ru/vol3347/part334795/334795400/images/c246x328/1.webp;Проектор для фильмов;73;334795400;https://www.wildberries.ru/catalog/334795400/detail.aspx;iSmart;Китай;2976175;4143302,45;356;9175;4,8;8343;314;20.02.2025
https://basket-16.wbbasket.ru/vol2596/part259685/259685715/images/c246x328/1.webp;Проектор для фильмов домашний кинотеатр;73;259685715;https://www.wildberries.ru/catalog/259685715/detail.aspx;Teeska;Китай;2919841;715063,1;929;3405;4,5;984;460;27.09.2024
https://basket-17.wbbasket.ru/vol2837/part283732/283732180/images/c246x328/1.webp;Проектор для фильмов Wanbo X5 Air, Android 9.0, 2Гб+32Гб;73;283732180;https://www.wildberries.ru/catalog/283732180/detail.aspx;Wanbo;Китай;2901768;0;148;22918;4,7;237;408;18.11.2024
https://basket-20.wbbasket.ru/vol3485/part348548/348548354/images/c246x328/1.webp;Домашний проектор для телефона и фильмов на стену 4K;73;348548354;https://www.wildberries.ru/catalog/348548354/detail.aspx;;Китай;2890375;1630467,95;444;5772;4,6;243;296;10.03.2025
https://basket-21.wbbasket.ru/vol3563/part356387/356387522/images/c246x328/1.webp;Домашний кинотеатр проектор для фильмов 4K UltraHD;73;356387522;https://www.wildberries.ru/catalog/356387522/detail.aspx;TommiliKZ;Китай;2889568;97951,46;776;3707;4,5;460;295;11.03.2025
https://basket-26.wbbasket.ru/vol4859/part485981/485981190/images/c246x328/1.webp;Подарок проектор для фильмов с телефона на стену;73;485981190;https://www.wildberries.ru/catalog/485981190/detail.aspx;Alruma;;2859566;1244752,26;845;3961;4,5;255;143;10.08.2025
https://basket-18.wbbasket.ru/vol2838/part283834/283834908/images/c246x328/1.webp;Проектор для фильмов портативный кинопроектор X5 Air;73;283834908;https://www.wildberries.ru/catalog/283834908/detail.aspx;Wanbo;Китай;2780210;70089,33;145;22918;4,6;270;408;18.11.2024
https://basket-29.wbbasket.ru/vol5690/part569002/569002913/images/c246x328/1.webp;Проектор для фильмов Домашний кинотеатр Android WiFi Full HD;73;569002913;https://www.wildberries.ru/catalog/569002913/detail.aspx;InTreid;Китай;2778005;2357095,15;278;11765;4,8;670;73;19.10.2025
https://basket-24.wbbasket.ru/vol4178/part417855/417855574/images/c246x328/1.webp;Проектор для фильмов с телефона на стену;73;417855574;https://www.wildberries.ru/catalog/417855574/detail.aspx;;Китай;2759109;0;401;6958;4,8;215;211;03.06.2025
https://basket-24.wbbasket.ru/vol4320/part432020/432020105/images/c246x328/1.webp;Проектор для фильмов с телефона на стену;73;432020105;https://www.wildberries.ru/catalog/432020105/detail.aspx;itinga;;2721891;2161501,68;682;4604;4,8;717;211;03.06.2025
https://basket-29.wbbasket.ru/vol5740/part574090/574090873/images/c246x328/1.webp;Проектор для фильмов;73;574090873;https://www.wildberries.ru/catalog/574090873/detail.aspx;DOMERA;Китай;2681820;2129680,59;408;6201;4,9;152;70;22.10.2025
https://basket-28.wbbasket.ru/vol5318/part531899/531899560/images/c246x328/1.webp;Проектор для фильмов;73;531899560;https://www.wildberries.ru/catalog/531899560/detail.aspx;TK technology;Китай;2631968;2547065,81;205;10014;4,5;51;102;20.09.2025
https://basket-05.wbbasket.ru/vol982/part98284/98284256/images/c246x328/1.webp;Домашний проектор для фильмов;73;98284256;https://www.wildberries.ru/catalog/98284256/detail.aspx;YALY;Китай;2623945;2457345,32;501;5438;4,7;6341;1210;08.09.2022
https://basket-10.wbbasket.ru/vol1558/part155845/155845451/images/c246x328/1.webp;Проектор для фильмов и видео AuKing LuckyRoad Full HD;73;155845451;https://www.wildberries.ru/catalog/155845451/detail.aspx;TriviaSeller;Китай;2519896;973596,18;445;5006;4,7;1565;995;11.04.2023
https://basket-22.wbbasket.ru/vol3862/part386289/386289374/images/c246x328/1.webp;Проектор для фильмов домашний кинотеатр;73;386289374;https://www.wildberries.ru/catalog/386289374/detail.aspx;Lieblich Hause (Haz);Китай;2463537;803327,28;605;4539;4,8;267;264;11.04.2025
https://basket-33.wbbasket.ru/vol6813/part681310/681310232/images/c246x328/1.webp;Проектор для фильмов Домашний кинотеатр Android WiFi Full HD;73;681310232;https://www.wildberries.ru/catalog/681310232/detail.aspx;wowhome;Китай;2433179;9440734,52;486;5186;4,7;533;25;06.12.2025
https://basket-27.wbbasket.ru/vol5047/part504773/504773901/images/c246x328/1.webp;Проектор для фильмов домашний кинотеатр;73;504773901;https://www.wildberries.ru/catalog/504773901/detail.aspx;VentoHome;Китай;2430796;864283,02;346;6496;4,8;251;119;03.09.2025
https://basket-25.wbbasket.ru/vol4557/part455723/455723607/images/c246x328/1.webp;Проектор для фильмов с телефона;73;455723607;https://www.wildberries.ru/catalog/455723607/detail.aspx;;Китай;2419889;1797631,83;408;6150;4,7;171;176;08.07.2025
https://basket-32.wbbasket.ru/vol6575/part657585/657585989/images/c246x328/1.webp;Проектор для фильмов домашний кинотеатр 4к;73;657585989;https://www.wildberries.ru/catalog/657585989/detail.aspx;TSVET STORE;;2358763;8299351,3;262;7918;4,8;1196;29;02.12.2025
https://basket-30.wbbasket.ru/vol6050/part605048/605048081/images/c246x328/1.webp;Проектор для фильмов;73;605048081;https://www.wildberries.ru/catalog/605048081/detail.aspx;;Китай;2312656;8539037,54;333;6698;4,8;2220;53;08.11.2025
https://basket-29.wbbasket.ru/vol5526/part552691/552691957/images/c246x328/1.webp;Проектор для фильмов Домашний кинотеатр Android WiFi Full HD;73;552691957;https://www.wildberries.ru/catalog/552691957/detail.aspx;InTreid;Китай;2307859;1446258,31;231;11765;4,8;670;85;07.10.2025
https://basket-16.wbbasket.ru/vol2599/part259998/259998366/images/c246x328/1.webp;Проектор домашний для фильмов и работы с телефона;73;259998366;https://www.wildberries.ru/catalog/259998366/detail.aspx;NP tech;Китай;2289351;18920,26;220;9952;4,8;184;468;19.09.2024
https://basket-14.wbbasket.ru/vol2142/part214208/214208909/images/c246x328/1.webp;Проектор для фильмов;73;214208909;https://www.wildberries.ru/catalog/214208909/detail.aspx;iSmart;Китай;2274621;419590,28;382;6268;4,8;8343;653;18.03.2024
https://basket-19.wbbasket.ru/vol3116/part311688/311688397/images/c246x328/1.webp;Домашний проектор для фильмов и мультиков HDMI FULL HD;73;311688397;https://www.wildberries.ru/catalog/311688397/detail.aspx;Технологик;Китай;2259007;3144892,1;307;7648;4,7;3458;349;16.01.2025
https://basket-30.wbbasket.ru/vol5859/part585904/585904966/images/c246x328/1.webp;Проектор для фильмов;73;585904966;https://www.wildberries.ru/catalog/585904966/detail.aspx;Led store;Китай;2182492;3734486,31;303;7454;4,9;541;51;10.11.2025
https://basket-18.wbbasket.ru/vol2914/part291480/291480904/images/c246x328/1.webp;Проектор для фильмов;73;291480904;https://www.wildberries.ru/catalog/291480904/detail.aspx;Waki;;2113431;1150348,52;251;8150;4,8;693;398;28.11.2024
https://basket-25.wbbasket.ru/vol4451/part445103/445103233/images/c246x328/1.webp;Проектор для фильмов с телефона 4K автофокус;73;445103233;https://www.wildberries.ru/catalog/445103233/detail.aspx;BEST TIME;Китай;2068831;17097,78;246;7948;4,8;43;136;17.08.2025
https://basket-23.wbbasket.ru/vol3996/part399662/399662948/images/c246x328/1.webp;Проектор для фильмов с телефона 4K автофокус;73;399662948;https://www.wildberries.ru/catalog/399662948/detail.aspx;BEST TIME;Китай;2061725;0;275;7551;4,8;66;208;06.06.2025
https://basket-28.wbbasket.ru/vol5228/part522821/522821482/images/c246x328/1.webp;Проектор для фильмов;73;522821482;https://www.wildberries.ru/catalog/522821482/detail.aspx;QASI;Китай;2018319;180207,05;386;4840;4,8;59;112;10.09.2025
https://basket-31.wbbasket.ru/vol6294/part629416/629416768/images/c246x328/1.webp;Проектор для фильмов 4K;73;629416768;https://www.wildberries.ru/catalog/629416768/detail.aspx;;Китай;1957189;5065665,65;131;14013;5;21;42;19.11.2025
https://basket-22.wbbasket.ru/vol3786/part378697/378697559/images/c246x328/1.webp;Мини проектор домашний для фильмов Android Wi-Fi;73;378697559;https://www.wildberries.ru/catalog/378697559/detail.aspx;Way Uphill;Китай;1951238;0;408;5460;4,8;231;240;05.05.2025
https://basket-29.wbbasket.ru/vol5615/part561569/561569033/images/c246x328/1.webp;Проектор ночник звездное небо;73;561569033;https://www.wildberries.ru/catalog/561569033/detail.aspx;Neolife;Китай;1916322;2258522,36;1307;1648;4,9;184;61;31.10.2025
https://basket-25.wbbasket.ru/vol4397/part439712/439712011/images/c246x328/1.webp;Проектор для фильмов;73;439712011;https://www.wildberries.ru/catalog/439712011/detail.aspx;Nerra;Китай;1906933;1970497,43;305;5988;4,8;121;198;16.06.2025
https://basket-31.wbbasket.ru/vol6156/part615671/615671248/images/c246x328/1.webp;Проектор для фильмов;73;615671248;https://www.wildberries.ru/catalog/615671248/detail.aspx;iProjector;Китай;1901977;7379670,76;276;6626;4,8;1770;42;19.11.2025
https://basket-16.wbbasket.ru/vol2513/part251351/251351092/images/c246x328/1.webp;Проектор для фильмов;73;251351092;https://www.wildberries.ru/catalog/251351092/detail.aspx;;Китай;1888120;225188,62;254;7805;4,8;6040;496;22.08.2024
https://basket-17.wbbasket.ru/vol2795/part279525/279525289/images/c246x328/1.webp;Портативный проектор X5 Air, 2+32G,1080P, 1100ANSI;73;279525289;https://www.wildberries.ru/catalog/279525289/detail.aspx;Wanbo;Китай;1883647;561086,34;100;18460;4,7;23;419;07.11.2024
https://basket-26.wbbasket.ru/vol4574/part457471/457471719/images/c246x328/1.webp;Android Проектор для фильмов;73;457471719;https://www.wildberries.ru/catalog/457471719/detail.aspx;Legend Store.;Китай;1883096;953172,05;322;5318;4,5;166;179;05.07.2025
https://basket-30.wbbasket.ru/vol5888/part588852/588852971/images/c246x328/1.webp;Проектор для фильмов домашний кинотеатр;73;588852971;https://www.wildberries.ru/catalog/588852971/detail.aspx;AOLA;;1861955;2773932,96;315;5966;4,8;75;48;13.11.2025
https://basket-23.wbbasket.ru/vol4121/part412183/412183458/images/c246x328/1.webp;Проектор для фильмов Домашний кинотеатр Android WiFi Full HD;73;412183458;https://www.wildberries.ru/catalog/412183458/detail.aspx;MobiOne;Китай;1839776;129107,09;201;8828;4,7;1089;234;11.05.2025
https://basket-17.wbbasket.ru/vol2683/part268398/268398509/images/c246x328/1.webp;Домашний проектор для фильмов;73;268398509;https://www.wildberries.ru/catalog/268398509/detail.aspx;iProjector;Китай;1834942;1274265,28;338;6166;4,8;1769;443;14.10.2024
https://basket-29.wbbasket.ru/vol5600/part560050/560050177/images/c246x328/1.webp;Проектор для фильмов на стену домашний кинотеатр;73;560050177;https://www.wildberries.ru/catalog/560050177/detail.aspx;ZEON;;1806199;4871263,97;310;5768;4,9;494;81;11.10.2025
https://basket-30.wbbasket.ru/vol5848/part584888/584888213/images/c246x328/1.webp;Проектор для фильмов домашний кинотеатр;73;584888213;https://www.wildberries.ru/catalog/584888213/detail.aspx;;Китай;1804625;1746411,29;251;6302;4,7;49;64;28.10.2025
https://basket-30.wbbasket.ru/vol5888/part588839/588839776/images/c246x328/1.webp;Домашний проектор для фильмов;73;588839776;https://www.wildberries.ru/catalog/588839776/detail.aspx;;;1778331;4085355;326;4249;4,5;30;44;17.11.2025
https://basket-22.wbbasket.ru/vol3777/part377732/377732762/images/c246x328/1.webp;Проектор для фильмов и видео Full HD c WiFi и Bluetooth;73;377732762;https://www.wildberries.ru/catalog/377732762/detail.aspx;TriviaSeller;Китай;1696126;655321,41;310;5006;4,7;329;274;01.04.2025
https://basket-28.wbbasket.ru/vol5413/part541389/541389475/images/c246x328/1.webp;Проектор для фильмов;73;541389475;https://www.wildberries.ru/catalog/541389475/detail.aspx;TSVET STORE;;1668170;3985072,78;397;3654;4,8;1196;94;28.09.2025
https://basket-30.wbbasket.ru/vol5943/part594301/594301719/images/c246x328/1.webp;Домашний проектор для фильмов;73;594301719;https://www.wildberries.ru/catalog/594301719/detail.aspx;КупиОбрадуй;;1662606;2093652;266;5941;4,6;39;59;02.11.2025
https://basket-28.wbbasket.ru/vol5346/part534657/534657684/images/c246x328/1.webp;Мини проектор для фильмов;73;534657684;https://www.wildberries.ru/catalog/534657684/detail.aspx;hoco.;Китай;1657899;1502470,97;221;7440;4,8;1722;94;28.09.2025
https://basket-27.wbbasket.ru/vol4944/part494478/494478599/images/c246x328/1.webp;Проектор для фильмов домашний кинотеатр;73;494478599;https://www.wildberries.ru/catalog/494478599/detail.aspx;QASI;Китай;1607995;83172,16;443;4609;4,5;109;134;19.08.2025
https://basket-13.wbbasket.ru/vol1968/part196865/196865203/images/c246x328/1.webp;Проектор для фильмов с телефона портативный HY300 Pro;73;196865203;https://www.wildberries.ru/catalog/196865203/detail.aspx;Inside Market;Китай;1597567;1109421,53;418;5683;4,7;452;740;22.12.2023
https://basket-32.wbbasket.ru/vol6687/part668778/668778603/images/c246x328/1.webp;Проектор для фильмов;73;668778603;https://www.wildberries.ru/catalog/668778603/detail.aspx;;Китай;1590431;6494259,92;80;19564;4,8;2220;34;27.11.2025
https://basket-12.wbbasket.ru/vol1779/part177977/177977501/images/c246x328/1.webp;Проектор для фильмов P70X, домашний кинотеатр с телефона;73;177977501;https://www.wildberries.ru/catalog/177977501/detail.aspx;BYINTEK;Китай;1581095;53596,44;70;22586;4,8;518;832;21.09.2023
https://basket-30.wbbasket.ru/vol6011/part601101/601101767/images/c246x328/1.webp;Мини проектор для фильмов;73;601101767;https://www.wildberries.ru/catalog/601101767/detail.aspx;hoco.;Китай;1562012;5009210,9;214;7289;4,8;1722;50;11.11.2025
https://basket-21.wbbasket.ru/vol3667/part366754/366754065/images/c246x328/1.webp;Мини проектор для телефона и дома для фильмов;73;366754065;https://www.wildberries.ru/catalog/366754065/detail.aspx;Profit;Китай;1552975;94528,91;412;4177;4,8;579;286;20.03.2025
https://basket-27.wbbasket.ru/vol4923/part492394/492394184/images/c246x328/1.webp;Проектор для фильмов домашний кинотеатр;73;492394184;https://www.wildberries.ru/catalog/492394184/detail.aspx;DANAIDA;Китай;1537524;930606,63;330;3961;4,7;97;142;11.08.2025
https://basket-23.wbbasket.ru/vol4109/part410991/410991967/images/c246x328/1.webp;Проектор для фильмов с джойстиками;73;410991967;https://www.wildberries.ru/catalog/410991967/detail.aspx;HomiQ;Китай;1532497;994052,11;320;6482;4,6;236;232;13.05.2025
https://basket-20.wbbasket.ru/vol3458/part345862/345862720/images/c246x328/1.webp;Проектор для фильмов домашний кинотеатр;73;345862720;https://www.wildberries.ru/catalog/345862720/detail.aspx;Banbury;Китай;1524588;1682304;266;6557;4,9;141;293;13.03.2025
https://basket-25.wbbasket.ru/vol4391/part439115/439115448/images/c246x328/1.webp;Проектор детский для фильмов на стену с диафильмами;73;439115448;https://www.wildberries.ru/catalog/439115448/detail.aspx;AIMOTO;Китай;1523559;1983501,34;200;7531;5;48;203;11.06.2025
https://basket-28.wbbasket.ru/vol5255/part525546/525546690/images/c246x328/1.webp;Проектор для фильмов HY300 PRO домашний кинотеатр;73;525546690;https://www.wildberries.ru/catalog/525546690/detail.aspx;Izuma;Китай;1518263;150458,5;379;5042;4,8;83;111;11.09.2025
https://basket-26.wbbasket.ru/vol4844/part484417/484417504/images/c246x328/1.webp;Проектор с телефона для фильмов;73;484417504;https://www.wildberries.ru/catalog/484417504/detail.aspx;;Китай;1498235;119328,45;276;5799;4,7;59;150;03.08.2025
https://basket-26.wbbasket.ru/vol4638/part463847/463847101/images/c246x328/1.webp;Проектор для фильмов и игр с джойстиками домашний кинотеатр;73;463847101;https://www.wildberries.ru/catalog/463847101/detail.aspx;Ru Store;Китай;1495697;905290,29;230;6482;4,6;631;172;12.07.2025
https://basket-15.wbbasket.ru/vol2287/part228765/228765553/images/c246x328/1.webp;Проектор для фильмов портативный кинопроектор Wanbo Mozart 1;73;228765553;https://www.wildberries.ru/catalog/228765553/detail.aspx;Wanbo;Китай;1476444;0;52;27018;4,7;237;589;21.05.2024
https://basket-31.wbbasket.ru/vol6148/part614881/614881311/images/c246x328/1.webp;Проектор для фильмов домашний кинотеатр на стену;73;614881311;https://www.wildberries.ru/catalog/614881311/detail.aspx;;;1470301;2346225;236;4954;4,7;31;46;15.11.2025
https://basket-27.wbbasket.ru/vol5162/part516294/516294647/images/c246x328/1.webp;Проектор для фильмов домашний на стену 4K UltraHD;73;516294647;https://www.wildberries.ru/catalog/516294647/detail.aspx;fbktoys;Китай;1460457;3938808,27;288;4834;4,6;78;120;02.09.2025
https://basket-12.wbbasket.ru/vol1794/part179413/179413385/images/c246x328/1.webp;Проектор для фильмов Домашний кинотеатр Android WiFi Full HD;73;179413385;https://www.wildberries.ru/catalog/179413385/detail.aspx;MobiOne;Китай;1459693;979793,93;228;7501;4,7;1089;817;06.10.2023
https://basket-05.wbbasket.ru/vol980/part98050/98050720/images/c246x328/1.webp;Зеркальный диско шар 20 см серебряный;81;98050720;https://www.wildberries.ru/catalog/98050720/detail.aspx;Discodom;Россия;1458490;36768,66;988;1555;4,8;613;1215;03.09.2022
https://basket-22.wbbasket.ru/vol3915/part391567/391567317/images/c246x328/1.webp;Проектор для фильмов Mozart 1 Pro, Android 11, 2Гб+16Гб;73;391567317;https://www.wildberries.ru/catalog/391567317/detail.aspx;Wanbo;Китай;1448014;157965,16;46;31674;4,7;237;174;10.07.2025
https://basket-17.wbbasket.ru/vol2802/part280256/280256325/images/c246x328/1.webp;Проектор для фильмов с телефона с Bluetooth и Wi-Fi;73;280256325;https://www.wildberries.ru/catalog/280256325/detail.aspx;STOREOM;Китай;1417444;1052958,4;313;4583;4,9;197;401;25.11.2024
https://basket-25.wbbasket.ru/vol4366/part436690/436690201/images/c246x328/1.webp;Проектор для фильмов домашний кинотеатр Wanbo Vali 1;73;436690201;https://www.wildberries.ru/catalog/436690201/detail.aspx;Wanbo;Китай;1404822;35415,68;70;23156;4,6;270;196;18.06.2025
https://basket-23.wbbasket.ru/vol4114/part411494/411494040/images/c246x328/1.webp;Домашний проектор для фильмов на стену HD Android WiFi;73;411494040;https://www.wildberries.ru/catalog/411494040/detail.aspx;Dribble;Китай;1378295;0;208;7483;4,8;518;233;12.05.2025
https://basket-31.wbbasket.ru/vol6148/part614881/614881312/images/c246x328/1.webp;Проектор для фильмов домашний кинотеатр на стену;73;614881312;https://www.wildberries.ru/catalog/614881312/detail.aspx;;;1337726;2457682,65;303;4139;4,2;29;46;15.11.2025
https://basket-21.wbbasket.ru/vol3690/part369093/369093461/images/c246x328/1.webp;Мини Проектор для фильмов домашний кинотеатр;73;369093461;https://www.wildberries.ru/catalog/369093461/detail.aspx;Ru Store;Китай;1315731;273567,83;361;4177;4,6;630;284;22.03.2025
https://basket-32.wbbasket.ru/vol6575/part657588/657588295/images/c246x328/1.webp;Проектор для фильмов домашний кинотеатр 4к;73;657588295;https://www.wildberries.ru/catalog/657588295/detail.aspx;TSVET STORE;;1309632;4016204,8;89;12254;4,8;1196;29;02.12.2025
https://basket-33.wbbasket.ru/vol7060/part706058/706058899/images/c246x328/1.webp;Проектор для фильмов с телефона;73;706058899;https://www.wildberries.ru/catalog/706058899/detail.aspx;YALY;Китай;1305123;10068091,71;258;5012;5;1045;13;18.12.2025
https://basket-27.wbbasket.ru/vol5022/part502215/502215717/images/c246x328/1.webp;Проектор для фильмов и игр с джойстиками домашний кинотеатр;73;502215717;https://www.wildberries.ru/catalog/502215717/detail.aspx;HY300;Китай;1304066;2775319,95;254;5110;4,8;333;128;25.08.2025
https://basket-26.wbbasket.ru/vol4727/part472714/472714493/images/c246x328/1.webp;Домашний проектор для фильмов и игр с джойстиками;73;472714493;https://www.wildberries.ru/catalog/472714493/detail.aspx;ORAVA;Китай;1298641;103431,58;270;4973;4,7;338;164;20.07.2025
https://basket-28.wbbasket.ru/vol5369/part536933/536933196/images/c246x328/1.webp;Проектор для фильмов домашний кинотеатр;73;536933196;https://www.wildberries.ru/catalog/536933196/detail.aspx;Технологик;;1292953;4146366,52;282;4504;4,7;961;100;22.09.2025
https://basket-29.wbbasket.ru/vol5803/part580394/580394999/images/c246x328/1.webp;Проектор для фильмов;73;580394999;https://www.wildberries.ru/catalog/580394999/detail.aspx;;Китай;1267879;1544507,15;138;8961;4,8;8343;54;07.11.2025
https://basket-31.wbbasket.ru/vol6134/part613482/613482253/images/c246x328/1.webp;Проектор для фильмов;73;613482253;https://www.wildberries.ru/catalog/613482253/detail.aspx;;Китай;1250441;2563404,05;198;5833;4,8;143;47;14.11.2025
https://basket-20.wbbasket.ru/vol3447/part344769/344769045/images/c246x328/1.webp;мини проектор для фильмов с телефона домашний;73;344769045;https://www.wildberries.ru/catalog/344769045/detail.aspx;Convees;;1242141;42106,47;325;5042;4,5;155;274;01.04.2025
https://basket-25.wbbasket.ru/vol4451/part445103/445103232/images/c246x328/1.webp;Проектор для фильмов с телефона 4K автофокус;73;445103232;https://www.wildberries.ru/catalog/445103232/detail.aspx;BEST TIME;Китай;1240613;10253;168;7551;4,8;34;136;17.08.2025
https://basket-10.wbbasket.ru/vol1595/part159545/159545823/images/c246x328/1.webp;Проектор для фильмов Smart TV Full HD, Android, W--fi 5 G;73;159545823;https://www.wildberries.ru/catalog/159545823/detail.aspx;Boxbi Price Store;Россия;1234984;1408315,09;153;8012;4,9;497;974;02.05.2023
https://basket-31.wbbasket.ru/vol6243/part624308/624308356/images/c246x328/1.webp;Проектор игровой с джойстиками;73;624308356;https://www.wildberries.ru/catalog/624308356/detail.aspx;;;1223743;3592277,84;159;18018;4,5;155;37;24.11.2025
https://basket-14.wbbasket.ru/vol2173/part217302/217302419/images/c246x328/1.webp;Проектор для фильмов портативный кинопроектор Wanbo X2 Max;73;217302419;https://www.wildberries.ru/catalog/217302419/detail.aspx;Wanbo;Китай;1216550;210556,73;101;11895;4,6;270;641;30.03.2024
https://basket-24.wbbasket.ru/vol4175/part417511/417511256/images/c246x328/1.webp;Проектор домашний для фильмов с телефона на стену 4к Full HD;73;417511256;https://www.wildberries.ru/catalog/417511256/detail.aspx;BACC;Китай;1198135;0;136;8978;4,8;83;208;06.06.2025
https://basket-19.wbbasket.ru/vol3175/part317557/317557317/images/c246x328/1.webp;Проектор для фильмов домашний кинотеатр;73;317557317;https://www.wildberries.ru/catalog/317557317/detail.aspx;NetMinds;Китай;1192622;1116899,97;457;2320;4,2;234;338;27.01.2025
https://basket-19.wbbasket.ru/vol3169/part316908/316908145/images/c246x328/1.webp;Проектор вентилятор голографический;73;316908145;https://www.wildberries.ru/catalog/316908145/detail.aspx;;Китай;1187740;370370,54;246;6300;4,9;78;342;23.01.2025
https://basket-22.wbbasket.ru/vol3779/part377915/377915735/images/c246x328/1.webp;Светомузыка с лазером для дискотек-праздников.;81;377915735;https://www.wildberries.ru/catalog/377915735/detail.aspx;Wizard Ultra;Китай;1173302;0;301;3889;4,5;30;261;14.04.2025
https://basket-30.wbbasket.ru/vol5939/part593928/593928789/images/c246x328/1.webp;Проектор для фильмов домашний на стену 4K UltraHD;73;593928789;https://www.wildberries.ru/catalog/593928789/detail.aspx;E-tron;Китай;1171631;5043107,35;119;10127;4,8;53;59;02.11.2025
https://basket-31.wbbasket.ru/vol6127/part612726/612726262/images/c246x328/1.webp;Проектор для фильмов домашний кинотеатр;73;612726262;https://www.wildberries.ru/catalog/612726262/detail.aspx;;Китай;1161240;3005562,35;287;3780;4,9;38;45;16.11.2025
https://basket-31.wbbasket.ru/vol6275/part627542/627542062/images/c246x328/1.webp;Проектор для фильмов;73;627542062;https://www.wildberries.ru/catalog/627542062/detail.aspx;INOVO;Китай;1153714;11642023,09;243;5401;4,8;89;15;16.12.2025
https://basket-25.wbbasket.ru/vol4366/part436653/436653409/images/c246x328/1.webp;Проектор для фильмов домашний кинотеатр Wanbo Vali 1;73;436653409;https://www.wildberries.ru/catalog/436653409/detail.aspx;Wanbo;Китай;1142416;148090,96;63;18550;4,7;237;196;18.06.2025
https://basket-18.wbbasket.ru/vol3018/part301887/301887804/images/c246x328/1.webp;Проектор HY300 Pro Android 13 для фильмов и видео домашний;73;301887804;https://www.wildberries.ru/catalog/301887804/detail.aspx;HiLLar;Китай;1135435;18923,92;281;4518;4,6;198;378;18.12.2024
https://basket-12.wbbasket.ru/vol1754/part175473/175473716/images/c246x328/1.webp;Проектор T2 Max New (белый);73;175473716;https://www.wildberries.ru/catalog/175473716/detail.aspx;Wanbo;Китай;1133255;38415,42;76;14263;5;11;851;02.09.2023
https://basket-29.wbbasket.ru/vol5615/part561569/561569031/images/c246x328/1.webp;Проектор ночник звездное небо;73;561569031;https://www.wildberries.ru/catalog/561569031/detail.aspx;Neolife;Китай;1125873;1202203,37;830;1535;5;139;59;02.11.2025
https://basket-14.wbbasket.ru/vol2149/part214981/214981014/images/c246x328/1.webp;Домашний проектор для фильмов;73;214981014;https://www.wildberries.ru/catalog/214981014/detail.aspx;YALY;Китай;1122516;433699,36;235;4672;4,3;2430;665;06.03.2024
https://basket-27.wbbasket.ru/vol5017/part501731/501731290/images/c246x328/1.webp;Проектор для фильмов;73;501731290;https://www.wildberries.ru/catalog/501731290/detail.aspx;;Китай;1114659;413300,53;232;6034;4,8;68;118;04.09.2025
https://basket-22.wbbasket.ru/vol3705/part370596/370596501/images/c246x328/1.webp;Проектор домашний для фильмов с телефона видеопроектор 4К;73;370596501;https://www.wildberries.ru/catalog/370596501/detail.aspx;PetPaw;Китай;1107852;2357736,31;192;5001;4,8;101;246;29.04.2025
https://basket-28.wbbasket.ru/vol5322/part532203/532203470/images/c246x328/1.webp;Проектор для фильмов домашний кинотеатр;73;532203470;https://www.wildberries.ru/catalog/532203470/detail.aspx;ProTech Дом;Китай;1100007;1882234,2;200;5762;4,8;55;99;23.09.2025
https://basket-32.wbbasket.ru/vol6735/part673571/673571339/images/c246x328/1.webp;Проектор для фильмов домашний кинотеатр;73;673571339;https://www.wildberries.ru/catalog/673571339/detail.aspx;DE MELIRA;Китай;1090592;6301198,22;210;5337;4,9;45;26;05.12.2025
https://basket-33.wbbasket.ru/vol6954/part695489/695489599/images/c246x328/1.webp;Проектор для фильмов на стену с телефона;73;695489599;https://www.wildberries.ru/catalog/695489599/detail.aspx;;;1090163;12209825,6;238;4400;4,6;33;21;10.12.2025
https://basket-28.wbbasket.ru/vol5369/part536927/536927731/images/c246x328/1.webp;Проектор для фильмов домашний кинотеатр;73;536927731;https://www.wildberries.ru/catalog/536927731/detail.aspx;Технологик;;1089453;3493763,07;240;4394;4,7;3458;100;22.09.2025
https://basket-30.wbbasket.ru/vol5940/part594017/594017661/images/c246x328/1.webp;Домашний проектор для фильмов;73;594017661;https://www.wildberries.ru/catalog/594017661/detail.aspx;;Китай;1076262;6218402,67;243;4033;4,9;330;25;06.12.2025
https://basket-21.wbbasket.ru/vol3499/part349979/349979315/images/c246x328/1.webp;Проектор для фильмов домашний кинотеатр;73;349979315;https://www.wildberries.ru/catalog/349979315/detail.aspx;Banbury;Китай;1063973;463141,19;188;6054;4,9;84;293;13.03.2025
https://basket-17.wbbasket.ru/vol2745/part274505/274505698/images/c246x328/1.webp;Домашний проектор для фильмов;73;274505698;https://www.wildberries.ru/catalog/274505698/detail.aspx;YALY;Китай;1063926;873372,09;204;5367;4,7;6341;377;19.12.2024
https://basket-31.wbbasket.ru/vol6194/part619476/619476988/images/c246x328/1.webp;Проектор для фильмов домашний на стену 4K UltraHD;73;619476988;https://www.wildberries.ru/catalog/619476988/detail.aspx;TSVET STORE;;1058543;8875475,92;127;7550;4,8;1196;44;17.11.2025
https://basket-15.wbbasket.ru/vol2267/part226708/226708037/images/c246x328/1.webp;Проектор Jenovox M4000 от Changhong 1080P 4K;73;226708037;https://www.wildberries.ru/catalog/226708037/detail.aspx;QUINCE;;1049653;0;14;89595;0;0;615;25.04.2024
https://basket-33.wbbasket.ru/vol6928/part692861/692861849/images/c246x328/1.webp;Проектор для фильмов на стену домашний с Wi-Fi и Smart TV;73;692861849;https://www.wildberries.ru/catalog/692861849/detail.aspx;TDS SAIWO;Китай;1046932;6935924,5;115;8931;5;206;18;13.12.2025
https://basket-17.wbbasket.ru/vol2730/part273051/273051970/images/c246x328/1.webp;Проектор для фильмов домашний кинотеатр;73;273051970;https://www.wildberries.ru/catalog/273051970/detail.aspx;Savitech;Китай;1046027;1116944,08;406;2371;4,3;320;428;29.10.2024
https://basket-27.wbbasket.ru/vol4885/part488515/488515850/images/c246x328/1.webp;Домашний проектор для фильмов с телефона на стену 4K;73;488515850;https://www.wildberries.ru/catalog/488515850/detail.aspx;;Китай;1042404;1357092;78;12463;4,6;11;120;02.09.2025
https://basket-18.wbbasket.ru/vol2952/part295275/295275116/images/c246x328/1.webp;Зеркальный диско шар 15 см серебряный;81;295275116;https://www.wildberries.ru/catalog/295275116/detail.aspx;Discodom;Россия;1037938;35184,34;965;1079;4,9;178;394;02.12.2024
https://basket-14.wbbasket.ru/vol2075/part207562/207562356/images/c246x328/1.webp;Проектор для фильмов;73;207562356;https://www.wildberries.ru/catalog/207562356/detail.aspx;406;Китай;1023533;263797,16;277;4860;4,5;67;692;08.02.2024
https://basket-27.wbbasket.ru/vol4922/part492229/492229842/images/c246x328/1.webp;Домашний мини проектор для фильмов;73;492229842;https://www.wildberries.ru/catalog/492229842/detail.aspx;ORAVA;Китай;1021602;758904,34;256;4177;4,7;340;144;09.08.2025
https://basket-27.wbbasket.ru/vol5074/part507423/507423407/images/c246x328/1.webp;Проектор для фильмов домашний кинотеатр;73;507423407;https://www.wildberries.ru/catalog/507423407/detail.aspx;;Китай;1014520;1083301,02;194;5524;5;56;111;11.09.2025
https://basket-14.wbbasket.ru/vol2172/part217297/217297586/images/c246x328/1.webp;Проектор для фильмов на стену мини домашний T2 MAX NEW;73;217297586;https://www.wildberries.ru/catalog/217297586/detail.aspx;Wanbo;Китай;1011250;8357,44;70;13571;4,6;270;642;29.03.2024
https://basket-25.wbbasket.ru/vol4557/part455736/455736725/images/c246x328/1.webp;Домашний проектор для фильмов и игр с джойстиками;73;455736725;https://www.wildberries.ru/catalog/455736725/detail.aspx;ORAVA;Китай;1003496;109472,29;159;6526;4,7;340;181;03.07.2025
https://basket-25.wbbasket.ru/vol4551/part455126/455126458/images/c246x328/1.webp;Проектор для фильмов с аккумулятором;73;455126458;https://www.wildberries.ru/catalog/455126458/detail.aspx;MiniWonder;;1000699;8270,24;82;12150;4,7;208;156;28.07.2025
https://basket-30.wbbasket.ru/vol6057/part605746/605746447/images/c246x328/1.webp;Проектор для фильмов;73;605746447;https://www.wildberries.ru/catalog/605746447/detail.aspx;;Китай;1000437;4306228,83;75;12612;4,8;2220;52;09.11.2025
https://basket-30.wbbasket.ru/vol6120/part612032/612032131/images/c246x328/1.webp;Проектор для фильмов домашний кинотеатр;73;612032131;https://www.wildberries.ru/catalog/612032131/detail.aspx;;;997869;3511020,56;222;4379;4,9;27;43;18.11.2025
https://basket-19.wbbasket.ru/vol3249/part324907/324907480/images/c246x328/1.webp;Проектор для фильмов с телефона на стенур Android Wi-Fi;73;324907480;https://www.wildberries.ru/catalog/324907480/detail.aspx;;Китай;997532;846390,79;342;2880;4,3;94;329;05.02.2025
https://basket-29.wbbasket.ru/vol5745/part574550/574550912/images/c246x328/1.webp;Проектор для фильмов домашний кинотеатр 4К Wi-Fi;73;574550912;https://www.wildberries.ru/catalog/574550912/detail.aspx;;Китай;994991;1339410,96;111;8188;5;5;62;30.10.2025
https://basket-30.wbbasket.ru/vol6011/part601113/601113102/images/c246x328/1.webp;Проектор Aimoto SmartPlay черный;73;601113102;https://www.wildberries.ru/catalog/601113102/detail.aspx;AIMOTO;;993015;2914979,52;166;6321;4,9;45;38;23.11.2025
https://basket-12.wbbasket.ru/vol1814/part181415/181415986/images/c246x328/1.webp;Ночник проектор Северное сияние;84;181415986;https://www.wildberries.ru/catalog/181415986/detail.aspx;Sunway;Китай;989165;322553,8;575;1706;4,8;541;785;07.11.2023
https://basket-30.wbbasket.ru/vol5940/part594017/594017662/images/c246x328/1.webp;Домашний проектор для фильмов;73;594017662;https://www.wildberries.ru/catalog/594017662/detail.aspx;;Китай;987600;6542850;222;4307;4,9;330;25;06.12.2025
https://basket-31.wbbasket.ru/vol6246/part624687/624687010/images/c246x328/1.webp;Проектор для фильмов домашний кинотеатр;73;624687010;https://www.wildberries.ru/catalog/624687010/detail.aspx;;Китай;985085;2891701,13;107;8715;5;7;31;30.11.2025
https://basket-26.wbbasket.ru/vol4823/part482385/482385965/images/c246x328/1.webp;Проектор для фильмов с телефона 4K автофокус;73;482385965;https://www.wildberries.ru/catalog/482385965/detail.aspx;BEST TIME;Китай;959916;0;135;6954;4,6;28;130;23.08.2025
https://basket-28.wbbasket.ru/vol5450/part545064/545064399/images/c246x328/1.webp;Проектор для фильмов;73;545064399;https://www.wildberries.ru/catalog/545064399/detail.aspx;LokeStar;Китай;956799;484305,67;165;5504;4,9;57;93;29.09.2025
https://basket-33.wbbasket.ru/vol7037/part703791/703791321/images/c246x328/1.webp;Проектор для фильмов;73;703791321;https://www.wildberries.ru/catalog/703791321/detail.aspx;;Китай;956442;8767385;277;3374;4,8;143;15;16.12.2025
https://basket-14.wbbasket.ru/vol2172/part217299/217299616/images/c246x328/1.webp;Проектор для фильмов портативный Wanbo T2 Max NEW автофокус;73;217299616;https://www.wildberries.ru/catalog/217299616/detail.aspx;Wanbo;Китай;947726;49020,31;68;13201;4,6;270;641;30.03.2024
https://basket-21.wbbasket.ru/vol3665/part366590/366590838/images/c246x328/1.webp;Проектор Smart Projector L1 Pro EU;73;366590838;https://www.wildberries.ru/catalog/366590838/detail.aspx;Xiaomi;Китай;945384;3031748,69;37;24850;4,6;5;277;29.03.2025
https://basket-30.wbbasket.ru/vol6055/part605539/605539398/images/c246x328/1.webp;Проектор для фильмов домашний кинотеатр;73;605539398;https://www.wildberries.ru/catalog/605539398/detail.aspx;;Китай;944823;1507696,28;110;6662;4,8;24;46;15.11.2025
https://basket-06.wbbasket.ru/vol1043/part104398/104398916/images/c246x328/1.webp;Проектор для фильмов домашний кинотеатр;73;104398916;https://www.wildberries.ru/catalog/104398916/detail.aspx;YALY;Китай;941944;1311333,8;200;4494;4,7;6341;1185;03.10.2022
https://basket-19.wbbasket.ru/vol3141/part314176/314176774/images/c246x328/1.webp;Голографический проектор-вентилятор HoloVortex 3D;73;314176774;https://www.wildberries.ru/catalog/314176774/detail.aspx;MICON;;937720;74685,66;275;3480;4,5;36;349;16.01.2025
https://basket-22.wbbasket.ru/vol3754/part375410/375410604/images/c246x328/1.webp;Проектор для фильмов Android 11, поддержка 4К;73;375410604;https://www.wildberries.ru/catalog/375410604/detail.aspx;ISPshop;Китай;934646;228892,9;105;7954;4,7;32;276;30.03.2025
https://basket-27.wbbasket.ru/vol5061/part506117/506117702/images/c246x328/1.webp;Проектор с джойстиками;73;506117702;https://www.wildberries.ru/catalog/506117702/detail.aspx;;;922864;287774,8;154;6841;4,5;49;115;07.09.2025
https://basket-27.wbbasket.ru/vol5008/part500868/500868451/images/c246x328/1.webp;Проектор для фильмов Luckyroad HY 260 pro домашний кинотеатр;73;500868451;https://www.wildberries.ru/catalog/500868451/detail.aspx;MARLENA;Китай;920387;537888,51;156;6440;4,8;45;122;31.08.2025
https://basket-12.wbbasket.ru/vol1868/part186884/186884365/images/c246x328/1.webp;Проектор для фильмов R20, домашний кинотеатр с телефона;73;186884365;https://www.wildberries.ru/catalog/186884365/detail.aspx;BYINTEK;Китай;911203;0;24;39246;4,8;518;790;02.11.2023
https://basket-16.wbbasket.ru/vol2486/part248691/248691136/images/c246x328/1.webp;Проектор для фильмов Luckyroad X9 домашний кинотеатр;73;248691136;https://www.wildberries.ru/catalog/248691136/detail.aspx;MARLENA;Китай;890480;780882,46;167;5289;4,7;76;511;07.08.2024
https://basket-34.wbbasket.ru/vol7062/part706263/706263368/images/c246x328/1.webp;Проектор для фильмов;73;706263368;https://www.wildberries.ru/catalog/706263368/detail.aspx;iProjector;;885286;6829349,14;65;13313;4,8;1770;13;18.12.2025
https://basket-14.wbbasket.ru/vol2178/part217848/217848167/images/c246x328/1.webp;Проектор для фильмов;73;217848167;https://www.wildberries.ru/catalog/217848167/detail.aspx;iSmart;Китай;879496;29813,42;144;6145;4,8;6040;653;18.03.2024
https://basket-26.wbbasket.ru/vol4635/part463510/463510148/images/c246x328/1.webp;Проектор для фильмов домашний кинотеатр;73;463510148;https://www.wildberries.ru/catalog/463510148/detail.aspx;;Китай;873330;22016,72;232;4029;4,5;39;155;29.07.2025
https://basket-27.wbbasket.ru/vol4915/part491570/491570750/images/c246x328/1.webp;Проектор для фильмов домашний кинотеатр;73;491570750;https://www.wildberries.ru/catalog/491570750/detail.aspx;Roku Electronics;Китай;872474;409957,66;205;4321;4,8;62;103;19.09.2025
https://basket-24.wbbasket.ru/vol4152/part415259/415259686/images/c246x328/1.webp;Домашний кинотеатр проектор для фильмов 4K UltraHD;73;415259686;https://www.wildberries.ru/catalog/415259686/detail.aspx;TommiliKZ;Китай;871012;53018,12;238;7203;4,6;93;223;22.05.2025
https://basket-19.wbbasket.ru/vol3104/part310432/310432439/images/c246x328/1.webp;Проектор Touyinger Q11 W Android 12 светодиодный;73;310432439;https://www.wildberries.ru/catalog/310432439/detail.aspx;Touyinger;Китай;865753;348291,44;40;23360;4,8;32;331;03.02.2025
https://basket-17.wbbasket.ru/vol2655/part265561/265561820/images/c246x328/1.webp;Проектор для фильмов X1PRO+ Топовая начинка.;73;265561820;https://www.wildberries.ru/catalog/265561820/detail.aspx;Jin tu;Китай;865344;1987952,43;174;4968;4,9;54;448;09.10.2024
https://basket-31.wbbasket.ru/vol6275/part627525/627525767/images/c246x328/1.webp;Проектор для фильмов домашний кинотеатр;73;627525767;https://www.wildberries.ru/catalog/627525767/detail.aspx;Lieblich Hause (Haz);Китай;863895;2235963,53;215;3885;4,6;22;34;27.11.2025
https://basket-14.wbbasket.ru/vol2137/part213786/213786810/images/c246x328/1.webp;Проектор Everycom Q10W MAX 1080p 3 64Gb Android 12.0;73;213786810;https://www.wildberries.ru/catalog/213786810/detail.aspx;QUINCE;Китай;858206;210172,9;41;23637;4,8;19;659;12.03.2024
https://basket-16.wbbasket.ru/vol2470/part247001/247001959/images/c246x328/1.webp;Проектор для фильмов оригинал DaVinci 1;73;247001959;https://www.wildberries.ru/catalog/247001959/detail.aspx;Wanbo;Китай;851141;0;52;15315;4,6;270;510;08.08.2024
https://basket-29.wbbasket.ru/vol5800/part580013/580013933/images/c246x328/1.webp;Проектор ночник звездное небо;73;580013933;https://www.wildberries.ru/catalog/580013933/detail.aspx;Neolife;Китай;843159;1549059,56;596;1617;5;44;43;18.11.2025
https://basket-31.wbbasket.ru/vol6152/part615226/615226472/images/c246x328/1.webp;Проектор для фильмов домашний;73;615226472;https://www.wildberries.ru/catalog/615226472/detail.aspx;это Судьба!;Китай;836975;2166288,24;183;4492;4,6;29;48;13.11.2025
https://basket-28.wbbasket.ru/vol5304/part530421/530421980/images/c246x328/1.webp;Подарок проектор для фильмов с телефона на стену;73;530421980;https://www.wildberries.ru/catalog/530421980/detail.aspx;;;834935;422621,42;145;5042;4,8;42;109;13.09.2025
https://basket-33.wbbasket.ru/vol7033/part703322/703322749/images/c246x328/1.webp;Проектор для фильмов домашний;73;703322749;https://www.wildberries.ru/catalog/703322749/detail.aspx;это Судьба!;Китай;826435;4774957,78;152;5077;4,6;29;17;14.12.2025
https://basket-28.wbbasket.ru/vol5451/part545103/545103018/images/c246x328/1.webp;Мини проектор мультимедийный для фильмов YG-300;73;545103018;https://www.wildberries.ru/catalog/545103018/detail.aspx;QUINCE;Китай;823976;1569478,1;375;2367;4,5;64;95;27.09.2025
https://basket-30.wbbasket.ru/vol6057/part605785/605785599/images/c246x328/1.webp;Проектор для фильмов домашний кинотеатр;73;605785599;https://www.wildberries.ru/catalog/605785599/detail.aspx;beautiful Raihon;;819302;1307396,81;232;3687;4,4;30;51;10.11.2025
https://basket-27.wbbasket.ru/vol4885/part488519/488519304/images/c246x328/1.webp;Домашний проектор для фильмов;73;488519304;https://www.wildberries.ru/catalog/488519304/detail.aspx;;Китай;819051;531276,32;89;8764;4,6;23;120;02.09.2025
https://basket-26.wbbasket.ru/vol4657/part465724/465724134/images/c246x328/1.webp;Проектор для фильмов;73;465724134;https://www.wildberries.ru/catalog/465724134/detail.aspx;TK technology;Китай;815307;2026620,26;68;10878;4,8;40;150;03.08.2025
https://basket-25.wbbasket.ru/vol4429/part442958/442958106/images/c246x328/1.webp;Проектор для фильмов TY 0-20;73;442958106;https://www.wildberries.ru/catalog/442958106/detail.aspx;;Китай;813894;6824188,15;183;4049;4,8;2220;197;17.06.2025
https://basket-30.wbbasket.ru/vol5912/part591278/591278599/images/c246x328/1.webp;Проектор для фильмов домашний на стену 4K UltraHD;73;591278599;https://www.wildberries.ru/catalog/591278599/detail.aspx;UNICOM;;810774;1339539,65;130;6698;5;17;52;09.11.2025
https://basket-27.wbbasket.ru/vol4981/part498108/498108678/images/c246x328/1.webp;Проектор для фильмов домашний кинотеатр;73;498108678;https://www.wildberries.ru/catalog/498108678/detail.aspx;Lieblich Hause (Haz);Китай;808592;922078,6;195;4753;4,8;60;133;20.08.2025
https://basket-22.wbbasket.ru/vol3917/part391710/391710528/images/c246x328/1.webp;Проектор для фильмов Mozart 1 Pro, Android 11, 2Гб+16Гб;73;391710528;https://www.wildberries.ru/catalog/391710528/detail.aspx;Wanbo;Китай;786100;172942;25;30838;4,6;270;182;02.07.2025
https://basket-20.wbbasket.ru/vol3442/part344269/344269406/images/c246x328/1.webp;Проектор для фильмов домашний на стену Full HD U10;73;344269406;https://www.wildberries.ru/catalog/344269406/detail.aspx;Технологик;Китай;782808;2754324,44;96;7399;4,8;2172;297;09.03.2025
https://basket-14.wbbasket.ru/vol2180/part218033/218033739/images/c246x328/1.webp;Проектор для фильмов с телефона портативный HY320;73;218033739;https://www.wildberries.ru/catalog/218033739/detail.aspx;Inside Market;Китай;782665;507674,59;210;4126;4,2;102;648;23.03.2024
https://basket-22.wbbasket.ru/vol3777/part377788/377788880/images/c246x328/1.webp;Лазерный проектор - светомузыка.;81;377788880;https://www.wildberries.ru/catalog/377788880/detail.aspx;Wizard Ultra;Китай;778355;19622,39;495;1556;4,9;135;270;05.04.2025
https://basket-26.wbbasket.ru/vol4817/part481712/481712807/images/c246x328/1.webp;Проектор для фильмов;73;481712807;https://www.wildberries.ru/catalog/481712807/detail.aspx;M&N;Китай;776689;1011161,15;207;3698;4,7;66;135;18.08.2025
https://basket-29.wbbasket.ru/vol5661/part566190/566190925/images/c246x328/1.webp;Проектор для фильмов на стену домашний кинотеатр;73;566190925;https://www.wildberries.ru/catalog/566190925/detail.aspx;ZEON;;764930;2691420,37;147;5727;4,9;494;77;15.10.2025
https://basket-19.wbbasket.ru/vol3204/part320484/320484819/images/c246x328/1.webp;Проектор для фильмов;70;320484819;https://www.wildberries.ru/catalog/320484819/detail.aspx;;Китай;761686;604868,29;131;6208;4,9;402;331;03.02.2025
https://basket-29.wbbasket.ru/vol5788/part578863/578863570/images/c246x328/1.webp;Проектор для фильмов 4k;73;578863570;https://www.wildberries.ru/catalog/578863570/detail.aspx;LokeStar;Китай;758132;582333,28;124;5055;4,9;57;68;24.10.2025
https://basket-27.wbbasket.ru/vol5041/part504124/504124252/images/c246x328/1.webp;Ночник-проектор Северное сияние;73;504124252;https://www.wildberries.ru/catalog/504124252/detail.aspx;ТЕХНАРЁВ;Китай;756201;175683,06;278;3096;4,8;61;126;27.08.2025
https://basket-25.wbbasket.ru/vol4440/part444058/444058751/images/c246x328/1.webp;Проектор для фильмов и игр с джойстиками домашний кинотеатр;73;444058751;https://www.wildberries.ru/catalog/444058751/detail.aspx;Ru Store;Китай;749847;469904,12;149;5042;4,6;630;197;17.06.2025
https://basket-12.wbbasket.ru/vol1890/part189020/189020304/images/c246x328/1.webp;Домашний проектор для фильмов;73;189020304;https://www.wildberries.ru/catalog/189020304/detail.aspx;YALY;Китай;749799;774792,3;140;5482;4,7;976;771;21.11.2023
https://basket-22.wbbasket.ru/vol3778/part377890/377890590/images/c246x328/1.webp;Проектор скорости на лобовое стекло;79;377890590;https://www.wildberries.ru/catalog/377890590/detail.aspx;LuxAuto;Китай;747634;723516,77;419;2064;4,8;328;252;23.04.2025
https://basket-20.wbbasket.ru/vol3325/part332519/332519088/images/c246x328/1.webp;Проектор для фильмов T2 Ultra с Android 11, 1Гб+8Гб;73;332519088;https://www.wildberries.ru/catalog/332519088/detail.aspx;Wanbo;Китай;746598;451888,26;56;19684;4,7;237;309;25.02.2025
https://basket-15.wbbasket.ru/vol2328/part232891/232891757/images/c246x328/1.webp;Штатив для проектора;73;232891757;https://www.wildberries.ru/catalog/232891757/detail.aspx;;Китай;744805;6155,41;669;1127;4,8;8343;583;27.05.2024
https://basket-16.wbbasket.ru/vol2452/part245277/245277096/images/c246x328/1.webp;Домашний проектор для фильмов;73;245277096;https://www.wildberries.ru/catalog/245277096/detail.aspx;VIZZAR;Китай;740521;432772,01;165;5107;4,6;164;520;29.07.2024
https://basket-28.wbbasket.ru/vol5280/part528029/528029516/images/c246x328/1.webp;Портативный проектор для фильмов Cube 2 Pro;73;528029516;https://www.wildberries.ru/catalog/528029516/detail.aspx;Wanbo;Китай;738016;1308301,09;36;20225;4,8;99;56;05.11.2025
https://basket-29.wbbasket.ru/vol5548/part554845/554845339/images/c246x328/1.webp;Проектор для фильмов 4K Смарт ТВ;73;554845339;https://www.wildberries.ru/catalog/554845339/detail.aspx;;Китай;737364;1456743,51;187;3856;4,4;9;87;05.10.2025
https://basket-12.wbbasket.ru/vol1793/part179341/179341763/images/c246x328/1.webp;Мини проектор K45 AI 4K 1080P auto focus для фильмов;73;179341763;https://www.wildberries.ru/catalog/179341763/detail.aspx;QUINCE;Китай;729809;134624,96;93;8233;4,8;35;778;14.11.2023
https://basket-28.wbbasket.ru/vol5450/part545061/545061171/images/c246x328/1.webp;Проектор для фильмов;73;545061171;https://www.wildberries.ru/catalog/545061171/detail.aspx;LokeStar;Китай;728536;1810932,34;146;5179;4,6;50;93;29.09.2025
https://basket-31.wbbasket.ru/vol6137/part613783/613783510/images/c246x328/1.webp;Проектор Aimoto HomePlay с голосовым управлением;73;613783510;https://www.wildberries.ru/catalog/613783510/detail.aspx;AIMOTO;Китай;725564;3298018,18;61;13170;4,8;17;34;27.11.2025
https://basket-30.wbbasket.ru/vol5940/part594017/594017658/images/c246x328/1.webp;Домашний проектор для фильмов;73;594017658;https://www.wildberries.ru/catalog/594017658/detail.aspx;;Китай;721090;1944757,88;148;4526;4,6;148;44;17.11.2025
https://basket-25.wbbasket.ru/vol4356/part435688/435688755/images/c246x328/1.webp;Проектор Vali 1 (Android TV 11, 1080P, 1G+8G, 900ANSI);73;435688755;https://www.wildberries.ru/catalog/435688755/detail.aspx;Wanbo;Китай;714838;63824,82;38;18184;5;2;203;11.06.2025
https://basket-18.wbbasket.ru/vol3002/part300210/300210857/images/c246x328/1.webp;Проектор для фильмов c HDMI и USB;73;300210857;https://www.wildberries.ru/catalog/300210857/detail.aspx;MiniWonder;;714690;50153,68;116;6122;4,7;208;374;22.12.2024
https://basket-31.wbbasket.ru/vol6418/part641834/641834086/images/c246x328/1.webp;Проектор для фильмов домашний кинотеатр;73;641834086;https://www.wildberries.ru/catalog/641834086/detail.aspx;;Китай;711764;2182742,93;105;6698;4,7;19;34;27.11.2025
https://basket-18.wbbasket.ru/vol3032/part303233/303233002/images/c246x328/1.webp;Проектор Jenovox M3000 Pro (Changhong C300) Android;73;303233002;https://www.wildberries.ru/catalog/303233002/detail.aspx;QUINCE;Китай;711431;0;13;70539;5;3;380;16.12.2024
https://basket-31.wbbasket.ru/vol6200/part620003/620003507/images/c246x328/1.webp;Проектор для фильмов домашний на стену 4K UltraHD;73;620003507;https://www.wildberries.ru/catalog/620003507/detail.aspx;HOLOD STORE;;710848;1571348,21;102;6576;4,9;206;43;18.11.2025
https://basket-10.wbbasket.ru/vol1491/part149129/149129437/images/c246x328/1.webp;Проектор для фильмов с телефона домашний кинотеатр на стену;73;149129437;https://www.wildberries.ru/catalog/149129437/detail.aspx;Boxbi Price Store;Китай;708365;508825,56;104;6366;5;710;1035;02.03.2023
https://basket-16.wbbasket.ru/vol2567/part256799/256799148/images/c246x328/1.webp;Проектор для фильмов Домашний кинотеатр Android WiFi Full HD;73;256799148;https://www.wildberries.ru/catalog/256799148/detail.aspx;InTreid;Китай;707677;147140,76;109;7623;4,8;670;485;02.09.2024
https://basket-18.wbbasket.ru/vol3013/part301387/301387095/images/c246x328/1.webp;Проектор для фильмов Домашний кинотеатр Android WiFi Full HD;73;301387095;https://www.wildberries.ru/catalog/301387095/detail.aspx;InTreid;Китай;704635;30112,61;79;8828;4,8;670;383;13.12.2024
https://basket-12.wbbasket.ru/vol1815/part181567/181567593/images/c246x328/1.webp;Проектор Mozart 1;73;181567593;https://www.wildberries.ru/catalog/181567593/detail.aspx;Wanbo;Китай;701745;49245,26;23;28021;5;19;652;19.03.2024
https://basket-14.wbbasket.ru/vol2173/part217344/217344046/images/c246x328/1.webp;Проектор для фильмов портативный кинопроектор Wanbo Mozart 1;73;217344046;https://www.wildberries.ru/catalog/217344046/detail.aspx;Wanbo;Китай;701505;0;23;27421;4,6;270;641;30.03.2024
https://basket-21.wbbasket.ru/vol3538/part353820/353820484/images/c246x328/1.webp;Проектор для фильмов на стену домашний;73;353820484;https://www.wildberries.ru/catalog/353820484/detail.aspx;;Китай;690865;376040,44;131;5911;4,8;34;293;13.03.2025
https://basket-20.wbbasket.ru/vol3464/part346497/346497788/images/c246x328/1.webp;Проектор для фильмов домашний кинотеатр;73;346497788;https://www.wildberries.ru/catalog/346497788/detail.aspx;Volto;Китай;688968;68276,11;70;7007;4,7;237;298;08.03.2025
https://basket-28.wbbasket.ru/vol5275/part527549/527549376/images/c246x328/1.webp;Проектор CS-PRO03BFull HD-A LCD 7200Lm LS 720Lm ANSI 2300 1;73;527549376;https://www.wildberries.ru/catalog/527549376/detail.aspx;CACTUS;;686475;185920,31;43;19806;4,8;6;96;26.09.2025
https://basket-26.wbbasket.ru/vol4745/part474595/474595545/images/c246x328/1.webp;Проектор;73;474595545;https://www.wildberries.ru/catalog/474595545/detail.aspx;;Китай;683365;639976,75;83;8347;4,6;35;154;30.07.2025
https://basket-33.wbbasket.ru/vol6766/part676669/676669866/images/c246x328/1.webp;Проектор для фильмов;73;676669866;https://www.wildberries.ru/catalog/676669866/detail.aspx;;Китай;680478;3931650,67;98;6862;4,8;143;27;04.12.2025
https://basket-27.wbbasket.ru/vol4885/part488516/488516195/images/c246x328/1.webp;Домашний проектор для фильмов;73;488516195;https://www.wildberries.ru/catalog/488516195/detail.aspx;;Китай;678901;17115,15;79;8590;4,6;10;120;02.09.2025
https://basket-25.wbbasket.ru/vol4407/part440730/440730229/images/c246x328/1.webp;Проектор для фильмов;73;440730229;https://www.wildberries.ru/catalog/440730229/detail.aspx;;;675125;250327,25;129;5700;4,8;6040;202;12.06.2025
https://basket-26.wbbasket.ru/vol4824/part482451/482451382/images/c246x328/1.webp;Проектор для фильмов домашний кинотеатр;73;482451382;https://www.wildberries.ru/catalog/482451382/detail.aspx;Xavochka;Китай;674640;2163500,69;180;3854;4,8;39;140;13.08.2025
https://basket-21.wbbasket.ru/vol3667/part366754/366754066/images/c246x328/1.webp;Мини проектор для телефона и дома для фильмов игровой;73;366754066;https://www.wildberries.ru/catalog/366754066/detail.aspx;Profit;Китай;672931;876079,98;138;5042;4,8;579;286;20.03.2025
https://basket-28.wbbasket.ru/vol5280/part528029/528029518/images/c246x328/1.webp;Портативный проектор для фильмов Cube 2 Pro;73;528029518;https://www.wildberries.ru/catalog/528029518/detail.aspx;Wanbo;Китай;652587;1760007,36;32;20084;4,8;99;56;05.11.2025
https://basket-31.wbbasket.ru/vol6246/part624685/624685090/images/c246x328/1.webp;Проектор для фильмов домашний кинотеатр;73;624685090;https://www.wildberries.ru/catalog/624685090/detail.aspx;;Китай;648008;1822522,5;70;8715;5;2;31;30.11.2025
https://basket-28.wbbasket.ru/vol5478/part547841/547841547/images/c246x328/1.webp;Проектор Mi Smart Projector L1 Pro (BHR9588EU);73;547841547;https://www.wildberries.ru/catalog/547841547/detail.aspx;Xiaomi;Китай;643833;1101669,8;27;22707;5;2;78;14.10.2025
https://basket-27.wbbasket.ru/vol4918/part491870/491870239/images/c246x328/1.webp;Проектор для фильмов домашний кинотеатр 4K;73;491870239;https://www.wildberries.ru/catalog/491870239/detail.aspx;;Китай;640403;922180,32;183;3142;4,6;42;140;13.08.2025
https://basket-31.wbbasket.ru/vol6216/part621619/621619873/images/c246x328/1.webp;Проектор для фильмов домашний кинотеатр;73;621619873;https://www.wildberries.ru/catalog/621619873/detail.aspx;;Китай;637942;1260324,44;115;4905;4,9;481;40;21.11.2025
https://basket-21.wbbasket.ru/vol3499/part349975/349975711/images/c246x328/1.webp;Проектор для фильмов с джойстиками;73;349975711;https://www.wildberries.ru/catalog/349975711/detail.aspx;Banbury;Китай;635324;1459528,11;145;4160;4,6;83;293;13.03.2025
https://basket-26.wbbasket.ru/vol4657/part465724/465724135/images/c246x328/1.webp;Проектор для фильмов с телефона настенный;73;465724135;https://www.wildberries.ru/catalog/465724135/detail.aspx;TK technology;Китай;634118;772471,02;55;11035;4,7;31;150;03.08.2025
https://basket-33.wbbasket.ru/vol6766/part676667/676667774/images/c246x328/1.webp;Проектор для фильмов домашний кинотеатр;73;676667774;https://www.wildberries.ru/catalog/676667774/detail.aspx;Технологик;;629303;4169132,38;105;5142;4,7;3458;28;03.12.2025
https://basket-32.wbbasket.ru/vol6492/part649253/649253934/images/c246x328/1.webp;Проектор для фильмов;73;649253934;https://www.wildberries.ru/catalog/649253934/detail.aspx;Nerra;Китай;628180;2855363,64;98;6113;5;27;35;26.11.2025
https://basket-26.wbbasket.ru/vol4861/part486100/486100422/images/c246x328/1.webp;Проектор для фильмов;73;486100422;https://www.wildberries.ru/catalog/486100422/detail.aspx;;Китай;627759;715865,53;136;5042;4,8;41;150;03.08.2025
https://basket-23.wbbasket.ru/vol3918/part391810/391810208/images/c246x328/1.webp;Проектор для фильмов Mozart 1 Pro, Android 11, 2Гб+16Гб;73;391810208;https://www.wildberries.ru/catalog/391810208/detail.aspx;Wanbo;Китай;621696;260244,84;19;32136;4,8;581;175;09.07.2025
https://basket-31.wbbasket.ru/vol6140/part614045/614045245/images/c246x328/1.webp;Проектор для фильмов домашний;73;614045245;https://www.wildberries.ru/catalog/614045245/detail.aspx;Variety Store;Китай;618895;1601845,88;107;6120;4,8;43;43;18.11.2025
https://basket-31.wbbasket.ru/vol6226/part622613/622613300/images/c246x328/1.webp;Подарок проектор для фильмов с телефона на стену;73;622613300;https://www.wildberries.ru/catalog/622613300/detail.aspx;;;612382;1584988,71;155;4351;4,6;55;40;21.11.2025
https://basket-32.wbbasket.ru/vol6596/part659620/659620851/images/c246x328/1.webp;Подарок проектор для фильмов с телефона на стену;73;659620851;https://www.wildberries.ru/catalog/659620851/detail.aspx;Alruma;;610651;2628454,3;149;3961;4,7;36;35;26.11.2025
https://basket-22.wbbasket.ru/vol3912/part391223/391223729/images/c246x328/1.webp;Проектор для фильмов X5 Pro, Android 11, 1100 ANSI;73;391223729;https://www.wildberries.ru/catalog/391223729/detail.aspx;Wanbo;Китай;603399;223732,21;23;26107;4,6;270;97;25.09.2025
https://basket-26.wbbasket.ru/vol4672/part467274/467274890/images/c246x328/1.webp;Портативный проектор для фильмов с телефона T6R Max;73;467274890;https://www.wildberries.ru/catalog/467274890/detail.aspx;Wanbo;Китай;602716;897923,84;49;11965;4,8;99;167;17.07.2025
https://basket-29.wbbasket.ru/vol5800/part580013/580013934/images/c246x328/1.webp;Проектор ночник звездное небо;73;580013934;https://www.wildberries.ru/catalog/580013934/detail.aspx;Neolife;Китай;600337;835763,27;454;1404;4,9;49;51;10.11.2025
https://basket-26.wbbasket.ru/vol4842/part484216/484216220/images/c246x328/1.webp;Домашний кинотеатр BL06, проектор для фильмов 4K Ultra HD;73;484216220;https://www.wildberries.ru/catalog/484216220/detail.aspx;Нет бренда;Китай;599442;260933,58;35;17153;4,8;518;142;11.08.2025
https://basket-05.wbbasket.ru/vol982/part98200/98200562/images/c246x328/1.webp;Мини проектор беспроводной портативный;73;98200562;https://www.wildberries.ru/catalog/98200562/detail.aspx;проектор мультимедийный для домашнего кинотеатра;Китай;597736;617660,53;422;1322;4;835;1210;08.09.2022
https://basket-23.wbbasket.ru/vol3976/part397623/397623578/images/c246x328/1.webp;Пульт для проектора;73;397623578;https://www.wildberries.ru/catalog/397623578/detail.aspx;;Китай;597467;0;1184;524;4,8;8343;253;22.04.2025
https://basket-06.wbbasket.ru/vol1043/part104398/104398915/images/c246x328/1.webp;Домашний проектор для фильмов;73;104398915;https://www.wildberries.ru/catalog/104398915/detail.aspx;YALY;Китай;593478;537839,44;125;5202;5;1045;1185;03.10.2022
https://basket-25.wbbasket.ru/vol4557/part455796/455796141/images/c246x328/1.webp;Проектор для фильмов домашний;73;455796141;https://www.wildberries.ru/catalog/455796141/detail.aspx;Renovax;Китай;592054;978176,17;165;8713;4,9;102;177;07.07.2025
https://basket-26.wbbasket.ru/vol4605/part460514/460514241/images/c246x328/1.webp;Проектор для фильмов домашний кинотеатр;73;460514241;https://www.wildberries.ru/catalog/460514241/detail.aspx;DEVER;Китай;591315;2414536,25;225;3025;4,6;78;170;14.07.2025
https://basket-29.wbbasket.ru/vol5644/part564417/564417668/images/c246x328/1.webp;Проектор для фильмов домашний кинотеатр 4К Wi-Fi;73;564417668;https://www.wildberries.ru/catalog/564417668/detail.aspx;;Китай;590922;673858,42;68;8466;5;47;62;30.10.2025
https://basket-32.wbbasket.ru/vol6736/part673621/673621786/images/c246x328/1.webp;Проектор для фильмов Smart TV Full HD, Android, W--fi 5 G;73;673621786;https://www.wildberries.ru/catalog/673621786/detail.aspx;Boxbi Price Store;Россия;588789;3191856,16;75;7531;4,9;751;23;08.12.2025
https://basket-16.wbbasket.ru/vol2539/part253934/253934748/images/c246x328/1.webp;Проектор портативный Mozart 1 Pro;73;253934748;https://www.wildberries.ru/catalog/253934748/detail.aspx;Wanbo;;586981;286332,2;21;37751;5;9;498;20.08.2024
https://basket-03.wbbasket.ru/vol309/part30976/30976341/images/c246x328/1.webp;Детский проектор для мультиков и фильмов MK1;73;30976341;https://www.wildberries.ru/catalog/30976341/detail.aspx;Lumicube;Китай;583380;4821,32;48;11729;4,9;132;1667;08.06.2021
https://basket-25.wbbasket.ru/vol4453/part445347/445347639/images/c246x328/1.webp;Проектор скорости на лобовое стекло;79;445347639;https://www.wildberries.ru/catalog/445347639/detail.aspx;;Китай;582732;273813,83;378;2067;4,7;102;184;30.06.2025
https://basket-28.wbbasket.ru/vol5298/part529818/529818380/images/c246x328/1.webp;Проектор для фильмов;73;529818380;https://www.wildberries.ru/catalog/529818380/detail.aspx;4-Electronics;;579284;1700478,84;117;5317;4,9;42;101;21.09.2025
https://basket-20.wbbasket.ru/vol3273/part327395/327395671/images/c246x328/1.webp;Проектор для фильмов с аккумулятором smart tv;73;327395671;https://www.wildberries.ru/catalog/327395671/detail.aspx;Jargus;Китай;571555;239255,58;48;12401;4,8;34;327;07.02.2025
https://basket-12.wbbasket.ru/vol1779/part177977/177977500/images/c246x328/1.webp;Проектор для фильмов U14, домашний кинотеатр с телефона;73;177977500;https://www.wildberries.ru/catalog/177977500/detail.aspx;BYINTEK;Китай;571257;74051,83;25;24588;4,8;518;831;22.09.2023
https://basket-28.wbbasket.ru/vol5371/part537105/537105798/images/c246x328/1.webp;Проектор для фильмов Домашний кинотеатр;73;537105798;https://www.wildberries.ru/catalog/537105798/detail.aspx;;Китай;564820;2085489,23;157;3572;4;23;25;06.12.2025
https://basket-12.wbbasket.ru/vol1754/part175474/175474585/images/c246x328/1.webp;Проектор T2 Max New (темно-синий);73;175474585;https://www.wildberries.ru/catalog/175474585/detail.aspx;Wanbo;Китай;562721;103802,9;40;13209;4,7;17;851;02.09.2023
https://basket-29.wbbasket.ru/vol5600/part560037/560037106/images/c246x328/1.webp;Проектор Xiaomi Smart Projector L1 Pro для фильмов с телефона;73;560037106;https://www.wildberries.ru/catalog/560037106/detail.aspx;Xiaomi;Китай;559162;9186232,86;21;27028;5;4;81;11.10.2025
https://basket-28.wbbasket.ru/vol5369/part536936/536936630/images/c246x328/1.webp;Проектор для фильмов домашний кинотеатр;73;536936630;https://www.wildberries.ru/catalog/536936630/detail.aspx;Технологик;;553874;4644020,46;92;5940;4,8;88;100;22.09.2025
https://basket-18.wbbasket.ru/vol2922/part292212/292212069/images/c246x328/1.webp;Домашний проектор Кинотеатр фильмов и мультиков портативный;73;292212069;https://www.wildberries.ru/catalog/292212069/detail.aspx;;Китай;550386;693078,67;152;3256;4,7;664;389;07.12.2024
https://basket-25.wbbasket.ru/vol4468/part446894/446894169/images/c246x328/1.webp;Проектор для фильмов домашний кинотеатр;73;446894169;https://www.wildberries.ru/catalog/446894169/detail.aspx;;Китай;549138;101297,3;107;5750;4,6;28;163;21.07.2025
https://basket-33.wbbasket.ru/vol6769/part676977/676977848/images/c246x328/1.webp;Домашний проектор для фильмов с телефона на стену 4К;73;676977848;https://www.wildberries.ru/catalog/676977848/detail.aspx;;Китай;547794;2969620,11;52;9536;4,5;11;22;09.12.2025
https://basket-26.wbbasket.ru/vol4781/part478122/478122944/images/c246x328/1.webp;Проектор для фильмов с телефона Wanbo T2 Ultra;73;478122944;https://www.wildberries.ru/catalog/478122944/detail.aspx;Wanbo;Китай;545454;246753;40;19969;4,8;581;150;03.08.2025
https://basket-20.wbbasket.ru/vol3353/part335396/335396832/images/c246x328/1.webp;Проектор Smart Projector L1 EU;73;335396832;https://www.wildberries.ru/catalog/335396832/detail.aspx;Xiaomi;Китай;544504;2951784,84;30;18226;5;5;277;29.03.2025
https://basket-25.wbbasket.ru/vol4449/part444925/444925679/images/c246x328/1.webp;Проектор домашний для фильмов с телефона А10;73;444925679;https://www.wildberries.ru/catalog/444925679/detail.aspx;;;534177;1017480;102;5121;4,9;30;190;24.06.2025
https://basket-27.wbbasket.ru/vol4947/part494746/494746698/images/c246x328/1.webp;Проектор для фильмов с джойстиками;73;494746698;https://www.wildberries.ru/catalog/494746698/detail.aspx;;Китай;532604;151371,66;112;6112;4,7;45;133;20.08.2025
https://basket-19.wbbasket.ru/vol3190/part319061/319061032/images/c246x328/1.webp;Мини проектор для фильмов Android Wi-Fi;73;319061032;https://www.wildberries.ru/catalog/319061032/detail.aspx;;Китай;532074;766186,56;148;3969;4,6;111;317;17.02.2025
https://basket-23.wbbasket.ru/vol4040/part404030/404030424/images/c246x328/1.webp;Проектор HY300 для фильмов и видео домашний;84;404030424;https://www.wildberries.ru/catalog/404030424/detail.aspx;BubbleTech;Китай;531963;3073564;198;2235;4,5;768;245;30.04.2025
https://basket-15.wbbasket.ru/vol2310/part231030/231030012/images/c246x328/1.webp;Проектор скорости на лобовое стекло;79;231030012;https://www.wildberries.ru/catalog/231030012/detail.aspx;BITEK;Китай;525768;228863,72;321;1922;4,8;232;595;15.05.2024
https://basket-26.wbbasket.ru/vol4672/part467275/467275086/images/c246x328/1.webp;Проектор для презентаций и фильмов Ванбо X5 Air, с автофокусом;73;467275086;https://www.wildberries.ru/catalog/467275086/detail.aspx;Wanbo;Китай;520904;1029103,02;27;18460;4,8;99;167;17.07.2025
https://basket-27.wbbasket.ru/vol4956/part495633/495633052/images/c246x328/1.webp;Проектор для фильмов игровой с джойстиками;73;495633052;https://www.wildberries.ru/catalog/495633052/detail.aspx;MiniWonder;;519981;244328,42;72;7389;4,7;208;135;18.08.2025
https://basket-21.wbbasket.ru/vol3618/part361869/361869661/images/c246x328/1.webp;Проектор для фильмов домашний кинотеатр;73;361869661;https://www.wildberries.ru/catalog/361869661/detail.aspx;;Китай;519745;1291937,57;202;3111;4,3;181;282;24.03.2025
https://basket-19.wbbasket.ru/vol3259/part325914/325914404/images/c246x328/1.webp;Проектор мини на стену с пультом;73;325914404;https://www.wildberries.ru/catalog/325914404/detail.aspx;Освещение дома;Китай;519199;95774,57;174;3633;4,8;31;329;05.02.2025
https://basket-28.wbbasket.ru/vol5280/part528026/528026191/images/c246x328/1.webp;Портативный проектор Cube 2 Pro;73;528026191;https://www.wildberries.ru/catalog/528026191/detail.aspx;Wanbo;Китай;515593;694067,5;26;20225;5;4;56;05.11.2025
https://basket-17.wbbasket.ru/vol2727/part272738/272738345/images/c246x328/1.webp;Светодиодный диско-шар MP3 bluetooth;84;272738345;https://www.wildberries.ru/catalog/272738345/detail.aspx;;;511285;258798,58;745;702;4,5;609;435;22.10.2024
https://basket-28.wbbasket.ru/vol5239/part523993/523993714/images/c246x328/1.webp;Проектор домашний для фильмов;73;523993714;https://www.wildberries.ru/catalog/523993714/detail.aspx;IL PRIMISSIMO;Китай;508811;1493606,48;94;5357;4,8;29;114;08.09.2025
https://basket-27.wbbasket.ru/vol4929/part492909/492909259/images/c246x328/1.webp;Голографический проектор-вентилятор 3D;73;492909259;https://www.wildberries.ru/catalog/492909259/detail.aspx;fyronn;Китай;507075;0;180;4753;4,5;20;128;25.08.2025
https://basket-15.wbbasket.ru/vol2312/part231247/231247460/images/c246x328/1.webp;Проектор скорости на лобовое стекло;79;231247460;https://www.wildberries.ru/catalog/231247460/detail.aspx;BITEK;Китай;506229;81960,89;346;2229;4,7;149;594;16.05.2024
https://basket-15.wbbasket.ru/vol2353/part235391/235391530/images/c246x328/1.webp;Проектор для фильмов Домашний кинотеатр Android WiFi Full HD;73;235391530;https://www.wildberries.ru/catalog/235391530/detail.aspx;InTreid;Китай;505017;0;36;14694;4,8;670;568;11.06.2024
https://basket-27.wbbasket.ru/vol4933/part493388/493388536/images/c246x328/1.webp;Проектор для фильмов;73;493388536;https://www.wildberries.ru/catalog/493388536/detail.aspx;TK technology;Китай;500005;2550025,5;47;12258;5;48;134;19.08.2025
